{
  "created_at_utc": "2026-01-30T17:06:26.265155+00:00",
  "platform": "macOS-26.1-arm64-arm-64bit-Mach-O",
  "python": "3.13.5",
  "db_path": "/Users/zakariyaveasy/Desktop/ZKJ/sentinel_iv/runs.db",
  "metric_registry": "/Users/zakariyaveasy/Desktop/ZKJ/sentinel_iv/metric_registry.yaml",
  "baseline_policy": "/Users/zakariyaveasy/Desktop/ZKJ/sentinel_iv/baseline_policy.yaml",
  "health": {
    "status": "ok",
    "checks": {
      "metric_registry": "ok",
      "baseline_policy": "ok",
      "registry_db": "ok"
    }
  }
}