{
  "run_id": "single_metric_drift_current",
  "program": "harmony",
  "subsystem": "core",
  "test_name": "single_metric_drift",
  "environment": "lab",
  "build": {
    "git_sha": "abc123",
    "build_id": "build-1-c"
  },
  "timestamps": {
    "start_utc": "2026-01-01T00:02:00+00:00",
    "end_utc": "2026-01-01T00:02:30+00:00"
  },
  "toolchain": {
    "source_system": "pba_excel"
  },
  "operating_mode": "nominal",
  "scenario_id": "single_metric_drift",
  "sensor_config_id": "sensor-pack-a",
  "input_data_version": "dataset-v1",
  "environment_fingerprint": "lab-rack-01"
}