{
  "run_id": "no_drift_pass_current",
  "program": "harmony",
  "subsystem": "core",
  "test_name": "no_drift_pass",
  "environment": "lab",
  "build": {
    "git_sha": "abc123",
    "build_id": "build-0-c"
  },
  "timestamps": {
    "start_utc": "2026-01-01T00:01:00+00:00",
    "end_utc": "2026-01-01T00:01:30+00:00"
  },
  "toolchain": {
    "source_system": "pba_excel"
  },
  "operating_mode": "nominal",
  "scenario_id": "no_drift_pass",
  "sensor_config_id": "sensor-pack-a",
  "input_data_version": "dataset-v1",
  "environment_fingerprint": "lab-rack-01"
}